1790066348,BTCUSD,LONG,85812.01,276.30368557717884,414.45552836575,3.47,ALTA,ALTA,OUTRO,NEUTRO,NEUTRO,ALTA,TP,2.89,858
1790094115,XETUSD,SHORT,2733.43,14.833940136898491,17.31901248,-7.03,BAIXA,BAIXA,,SOBREVENDIDO,NEUTRO,BAIXA,SL,1.06,1093
1790095867,UKOUSD,SHORT,100.074,0.5941574312993936,0.89123614694909,8.11,LATERAL,BAIXA,,NEUTRO,SOBRECOMPRADO,BAIXA,TP,6.95,1001
1790107706,XETUSD,SHORT,2748.52,11.422384084483838,17.1335761267255,0.71,LATERAL,BAIXA,OUTRO,NEUTRO,NEUTRO,BAIXA,SL,2.59,632
1790116354,XETUSD,SHORT,2746.48,8.765751640967665,10.67831424,-3.56,LATERAL,BAIXA,OUTRO,NEUTRO,NEUTRO,BAIXA,SL,0.00,1016
1790136555,CHINA50,LONG,14487,43.46099999999933,58.832488431523,-3.95,BAIXA,BAIXA,REVERSAO,NEUTRO,SOBREVENDIDO,ALTA,SL,0.82,1079
1790136629,USDTWD,LONG,31.787,0.1589349999999996,0.2384025,1.48,LATERAL,LATERAL,REVERSAO,SOBRECOMPRADO,SOBRECOMPRADO,NEUTRO,SL,3.09,1001
1790137303,AUS200,LONG,8764.78,43.82389999999941,65.735850000002,-7.73,LATERAL,ALTA,CONTINUACAO,NEUTRO,NEUTRO,ALTA,SL,0.93,1265
1790138331,USDSGD,LONG,1.27591,0.006379549999999901,0.0095693250000003,2.53,LATERAL,LATERAL,,SOBREVENDIDO,SOBRECOMPRADO,NEUTRO,SL,3.15,1001
1790143344,JPN225,LONG,66974.89,287.28879065500223,338.75899362,-3.48,LATERAL,ALTA,,NEUTRO,NEUTRO,NEUTRO,SL,0.74,785
1790143484,CHINA50,LONG,14471,43.413000000000466,65.119499999999,-0.18,LATERAL,BAIXA,,NEUTRO,SOBREVENDIDO,NEUTRO,SL,1.49,862
1790159317,AUS200,LONG,8726.77,26.180309999999736,39.270465,-2.56,LATERAL,BAIXA,REVERSAO,NEUTRO,SOBREVENDIDO,NEUTRO,SL,0.07,630
1790195626,BTCUSD,SHORT,84339.17,262.84302330500213,394.26453495749,-3.01,BAIXA,BAIXA,OUTRO,SOBREVENDIDO,NEUTRO,BAIXA,SL,1.26,843
1790197201,XETUSD,SHORT,2668.68,8.388776019326997,12.5831640289913,-6.28,BAIXA,BAIXA,,NEUTRO,NEUTRO,BAIXA,SL,0.00,1708
1790214883,AUDNZD,SHORT,1.23717,0.006399999999999961,0.0096000000000002,-1.20,BAIXA,BAIXA,ROMPIMENTO,NEUTRO,NEUTRO,BAIXA,MANUAL,0.00,702
1790215415,BTCUSD,SHORT,84070,420.34999999999127,487.26972,0.99,BAIXA,BAIXA,OUTRO,SOBREVENDIDO,SOBREVENDIDO,BAIXA,SL,3.25,841
1790220796,AUS200,SHORT,8689.33,26.067989999999554,32.424000000001,3.04,LATERAL,BAIXA,REVERSAO,NEUTRO,SOBRECOMPRADO,BAIXA,TP,3.82,1254
1790241811,JPN225,LONG,65525.48,196.5764399999971,294.86466,-2.82,LATERAL,BAIXA,REVERSAO,NEUTRO,SOBREVENDIDO,ALTA,SL,0.66,896
1790262351,NAS100,SHORT,30306.77,151.53384999999616,158.74686126,-6.48,BAIXA,BAIXA,ROMPIMENTO,SOBREVENDIDO,NEUTRO,BAIXA,SL,1.95,1212
1790271678,GER40,SHORT,25400.41,92.01298522500292,121.388559389998,-3.12,BAIXA,BAIXA,OTRO,SOBREVENDIDO,NEUTRO,BAIXA,SL,1.21,762
1790272003,BTCUSD,SHORT,84188,375.9846935801179,563.97704037017,-0.26,BAIXA,BAIXA,OUTRO,SOBREVENDIDO,NEUTRO,BAIXA,SL,3.00,842
1790273271,UK100,SHORT,10722.48,35.142928200000824,40.048462800002,0.24,BAIXA,LATERAL,OUTRO,NEUTRO,NEUTRO,BAIXA,SL,1.99,1072
1790283910,BTCUSD,LONG,84346.01,421.7300499999983,507.08821211999,2.06,LATERAL,LATERAL,OUTRO,NEUTRO,NEUTRO,NEUTRO,SL,3.71,843
1790288814,XETUSD,SHORT,2679.24,13.39619999999968,18.7359253200004,-3.01,BAIXA,BAIXA,REVERSAO,NEUTRO,NEUTRO,BAIXA,SL,0.00,563
1790309454,XETUSD,LONG,2679.09,8.037269999999808,12.055905,-6.23,LATERAL,LATERAL,REVERSAO,NEUTRO,SOBREVENDIDO,ALTA,SL,0.00,1766
1790315220,XETUSD,LONG,2682.19,11.721170299999812,16.77709845,-3.04,LATERAL,LATERAL,,NEUTRO,NEUTRO,ALTA,SL,0.00,643
1790327083,SPX500,LONG,7736.6,37.723661600000014,56.585492400001,-6.09,ALTA,ALTA,ROMPIMENTO,SOBRECOMPRADO,SOBRECOMPRADO,ALTA,SL,1.01,1006
1790328730,XETUSD,LONG,2710.99,10.902958485510226,16.354437728265,-5.27,ALTA,ALTA,ROMPIMENTO,NEUTRO,NEUTRO,ALTA,SL,0.00,1219
1790455514,XETUSD,SHORT,2669.35,13.346749999999702,26.6935,-2.12,BAIXA,BAIXA,ROMPIMENTO,NEUTRO,SOBREVENDIDO,BAIXA,SL,0.63,400
1790470231,XETUSD,SHORT,2691.5,5.382999999999811,8.3880000000004,-3.05,LATERAL,ALTA,REVERSAO,NEUTRO,SOBRECOMPRADO,BAIXA,SL,0.58,1292
1790474305,XETUSD,LONG,2701.93,13.509649999999965,27.0192999999998,-4.67,ALTA,ALTA,ROMPIMENTO,SOBRECOMPRADO,SOBRECOMPRADO,ALTA,SL,0.71,783
1790477932,SOLUSD,SHORT,120.79,0.7949999999999733,1.12515884999998,-0.84,BAIXA,BAIXA,OUTRO,SOBREVENDIDO,NEUTRO,BAIXA,SL,0.00,121
1790525590,SOLUSD,LONG,122.21,0.798462771203134,1.0967564102564,-0.84,ALTA,ALTA,CONTINUACAO,SOBRECOMPRADO,SOBREVENDIDO,ALTA,SL,0.00,122
1790530982,XETUSD,LONG,2687.29,6.366190010000082,12.7323800199997,1.32,LATERAL,LATERAL,,NEUTRO,SOBREVENDIDO,ALTA,SL+TP,2.02,832
1790533441,BTCUSD,LONG,84682.01,415.83101010500104,432.13229703,0.29,ALTA,ALTA,,SOBRECOMPRADO,NEUTRO,ALTA,SL,1.51,847
1790534193,SOLUSD,LONG,123.04,0.798439311076649,1.5968786221533,-0.84,ALTA,ALTA,,SOBRECOMPRADO,NEUTRO,ALTA,SL,0.06,123
1790539051,XETUSD,SHORT,2689.85,8.846916650000367,9.5382081000003,-0.27,BAIXA,ALTA,REVERSAO,NEUTRO,NEUTRO,BAIXA,SL,1.79,1130
1790605848,BTCUSD,SHORT,83292,399.95755910324806,582.460956,-0.40,BAIXA,BAIXA,,NEUTRO,NEUTRO,BAIXA,SL,1.95,833
1790605920,XETUSD,SHORT,2665.95,16.823237161208,25.234855741812,-5.76,BAIXA,BAIXA,,NEUTRO,NEUTRO,BAIXA,SL,0.00,853
1790610790,NAS100,LONG,30253.1,151.26550000000134,226.89825,3.81,ALTA,BAIXA,,NEUTRO,NEUTRO,ALTA,TP,3.03,605
1790616506,NAS100,SHORT,30378.7,95.45016378375658,143.175245675636,1.08,BAIXA,BAIXA,REVERSAO,NEUTRO,NEUTRO,NEUTRO,SL,2.31,911
1790617825,LNKUSD,LONG,15.206,0.13276835560259137,0.199152533403887,-0.14,ALTA,ALTA,,NEUTRO,,BAIXA,SL,0.00,15
1790623891,BTCUSD,SHORT,83635.5,252.1843309183896,378.27649637758,3.35,BAIXA,BAIXA,,SOBREVENDIDO,NEUTRO,BAIXA,TP,2.70,836
1790623921,BTCUSD,SHORT,83616.75,252.12779444518674,378.19169166779,3.31,BAIXA,BAIXA,,SOBREVENDIDO,NEUTRO,BAIXA,TP,2.89,836
1790631605,BTCUSD,LONG,83424.49,417.1224499999953,625.68367500001,0.53,ALTA,BAIXA,REVERSAO,NEUTRO,NEUTRO,ALTA,SL,2.12,834
1790632096,XETUSD,LONG,2678.52,9.597232394573894,14.3958485918606,-2.91,ALTA,LATERAL,REVERSAO,NEUTRO,NEUTRO,ALTA,SL,0.00,749
1790642953,LNKUSD,SHORT,15.534,0.19024887404876445,0.285373311073145,-0.03,ALTA,ALTA,REVERSAO,NEUTRO,NEUTRO,ALTA,SL,0.08,16
1790656720,LNKUSD,LONG,14.782,0.14330409900000163,0.252089116477928,-0.15,BAIXA,ALTA,REVERSAO,NEUTRO,SOBREVENDIDO,NEUTRO,SL,0.00,15
1790663979,LNKUSD,LONG,15.131000000000002,0.14960363459073633,0.108405451886105,0.10,ALTA,ALTA,,NEUTRO,NEUTRO,ALTA,SL+TP,0.15,30
1790671176,XETUSD,SHORT,2710.83,11.682889320278264,17.5243339804175,-0.22,BAIXA,ALTA,REVERSAO,NEUTRO,SOBRECOMPRADO,BAIXA,SL,1.77,623
1790677108,NAS100,SHORT,30360.28,91.08083999999508,136.62126,-1.79,LATERAL,LATERAL,,NEUTRO,SOBRECOMPRADO,NEUTRO,AI_SIGNAL,0.08,911
1790685577,NAS100,SHORT,30429.38,91.28813999999693,113.37986988,1.88,LATERAL,LATERAL,OUTRO,NEUTRO,SOBRECOMPRADO,BAIXA,SL+TP,3.66,1217
1790688082,UKOUSD,LONG,102.039,0.3508611015000014,0.93427501307929,0.69,BAIXA,BAIXA,REVERSAO,NEUTRO,SOBREVENDIDO,ALTA,SL+TP,3.70,1019
1790701499,BTCUSD,LONG,83107.9,249.32369999999355,465.43432469831,-0.24,LATERAL,BAIXA,REVERSAO,NEUTRO,SOBREVENDIDO,ALTA,SL,1.10,831
1790702821,LNKUSD,SHORT,14.581,0.13543341607005566,0.203150124105085,0.00,BAIXA,BAIXA,,NEUTRO,SOBREVENDIDO,ALTA,SL,0.05,15
1790705467,XETUSD,LONG,2680.56,10.651590526734708,15.977385790102,3.29,LATERAL,BAIXA,REVERSAO,NEUTRO,SOBREVENDIDO,ALTA,TP,2.69,669
1790705513,UKOUSD,SHORT,102.119,0.46659406580631924,0.567066807,-0.34,BAIXA,BAIXA,,NEUTRO,NEUTRO,BAIXA,SL,3.20,1021
1790705665,LNKUSD,LONG,14.667,0.12672577658917739,0.190088664883769,-0.13,BAIXA,BAIXA,REVERSAO,NEUTRO,SOBREVENDIDO,ALTA,SL,0.00,15
1790706412,LNKUSD,LONG,14.654,0.13127939864076232,0.196919097961146,-0.14,LATERAL,LATERAL,REVERSAO,NEUTRO,SOBREVENDIDO,ALTA,SL,0.00,15
1790716392,LNKUSD,SHORT,14.698,0.12599999999999945,0.174570102389081,0.16,ALTA,BAIXA,REVERSAO,NEUTRO,NEUTRO,ALTA,TP,0.13,15
1790719289,LNKUSD,SHORT,14.669,0.12899999999999956,0.174225665529013,-0.14,ALTA,BAIXA,REVERSAO,NEUTRO,NEUTRO,ALTA,SL,0.00,15
1790720352,BTCUSD,SHORT,83554,250.66199999999662,375.993,-2.75,LATERAL,LATERAL,,NEUTRO,NEUTRO,ALTA,SL,0.09,836
1790720390,BTCUSD,SHORT,83662,250.98599999998987,376.47899999999,-0.26,LATERAL,LATERAL,,NEUTRO,NEUTRO,NEUTRO,SL,1.17,837
1790720707,SPX500,SHORT,7696.27,23.088809999999285,30.61576206,-2.15,LATERAL,LATERAL,,SOBRECOMPRADO,SOBRECOMPRADO,NEUTRO,AI_SIGNAL,0.58,1001
1790724238,BTCUSD,SHORT,83738,251.21399999999267,321.80513400001,1.71,LATERAL,ALTA,REVERSAO,NEUTRO,NEUTRO,ALTA,SL+TP,2.58,837
1790731297,XETUSD,LONG,2673.03,8.019090000000233,12.028635,-2.28,LATERAL,ALTA,CRUZAMENTO_MEDIAS,NEUTRO,SOBREVENDIDO,ALTA,AI_SIGNAL,0.46,881
1790736088,BTCUSD,LONG,83442.73,250.32819000000018,373.99031586,-2.75,LATERAL,ALTA,REVERSAO,SOBREVENDIDO,NEUTRO,NEUTRO,SL,0.41,834
1790757454,LNKUSD,SHORT,14.163,0.12749999999999773,0.191249999999998,-0.14,BAIXA,BAIXA,,NEUTRO,SOBREVENDIDO,BAIXA,SL,0.00,14
1790767522,UKOUSD,SHORT,103.041,0.3091229999999854,0.6295500019466,-4.29,LATERAL,BAIXA,REVERSAO,NEUTRO,SOBRECOMPRADO,NEUTRO,SL,0.00,1030
1790775606,XETUSD,SHORT,2696.23,17.059087906221976,25.588631859333,-0.25,BAIXA,BAIXA,,SOBREVENDIDO,NEUTRO,BAIXA,SL,1.06,431
1790782216,SPX500,LONG,7726.1,38.63050000000021,57.945750000001,-1.50,LATERAL,ALTA,,NEUTRO,SOBRECOMPRADO,BAIXA,MANUAL,0.28,541
1790782754,XETUSD,LONG,2687.16,17.37720513348222,26.0658077002234,-0.18,ALTA,ALTA,,NEUTRO,NEUTRO,ALTA,SL,1.28,403
1790785424,BTCUSD,SHORT,84448.05,409.88275049508957,614.82412574262,-0.50,ALTA,ALTA,REVERSAO,SOBRECOMPRADO,NEUTRO,ALTA,SL,2.30,844
1790785445,BTCUSD,SHORT,84455.86,409.920657637791,614.88098645667,-0.42,ALTA,ALTA,REVERSAO,SOBRECOMPRADO,NEUTRO,ALTA,SL,2.38,845
1790802884,XETUSD,SHORT,2681.18,13.405899999999747,14.478372,-3.98,ALTA,ALTA,REVERSAO,SOBRECOMPRADO,NEUTRO,ALTA,SL,0.74,751
1790802899,XETUSD,SHORT,2681.47,13.407349999999497,14.479938,-4.01,ALTA,ALTA,REVERSAO,SOBRECOMPRADO,NEUTRO,ALTA,SL,0.83,751
1790827000,BTCUSD,LONG,83739.3,418.69650000000547,628.04475,0.43,ALTA,ALTA,,SOBRECOMPRADO,NEUTRO,ALTA,SL,1.99,837
1790831922,BTCUSD,SHORT,84262.01,421.3100499999855,631.965075,0.24,ALTA,ALTA,REVERSAO,SOBRECOMPRADO,SOBRECOMPRADO,ALTA,SL,2.02,843
1790838194,FRA40,LONG,7907.51,23.722530000000006,35.583795,-0.96,BAIXA,BAIXA,REVERSAO,NEUTRO,NEUTRO,BAIXA,SL,1.57,870
1790839091,XETUSD,SHORT,2706.23,9.097684760683478,13.646527141025,3.56,BAIXA,ALTA,REVERSAO,NEUTRO,SOBRECOMPRADO,BAIXA,TP,3.49,785
1790842538,EURUSD,SHORT,1.12926,0.003948697040000004,0.00569304556,-0.30,BAIXA,BAIXA,ROMPIMENTO,NEUTRO,NEUTRO,NEUTRO,SL,0.50,2259
1790852006,NAS100,LONG,30715.25,153.5762500000019,189.635953499997,-6.96,ALTA,ALTA,CRUZAMENTO_MEDIAS,SOBRECOMPRADO,NEUTRO,ALTA,SL,0.44,1229
1790861187,GER40,SHORT,25167.41,90.87951751000219,112.824,3.92,BAIXA,BAIXA,,SOBREVENDIDO,SOBRECOMPRADO,BAIXA,TP,3.76,1007
1790868785,GER40,LONG,24980.41,74.94123000000036,112.411845,0.56,LATERAL,BAIXA,REVERSAO,NEUTRO,SOBREVENDIDO,ALTA,SL,2.84,999
1790869742,BTCUSD,LONG,84198.65,1033.4000000000233,1550.10000000003,1.05,LATERAL,LATERAL,,NEUTRO,,BAIXA,SL,4.27,842
1790870474,EURUSD,SHORT,1.12333,0.009179999999999744,0.0137699999999997,1.26,BAIXA,BAIXA,,NEUTRO,,BAIXA,MANUAL,1.71,1123
1790871328,NAS100,LONG,30379.76,91.13927999999942,176.55972425356,-0.18,LATERAL,BAIXA,REVERSAO,NEUTRO,SOBREVENDIDO,ALTA,SL,1.41,608
1790875116,BTCUSD,LONG,84688.81,387.95342920089024,581.93014380135,0.60,ALTA,ALTA,,SOBRECOMPRADO,SOBRECOMPRADO,ALTA,SL,3.80,847
1790875431,BTCUSD,LONG,84723.96,380.1166991065111,570.17504865977,0.25,ALTA,ALTA,ROMPIMENTO,SOBRECOMPRADO,NEUTRO,ALTA,SL,3.45,847
1790884838,NAS100,SHORT,30561.17,182.92000000000553,274.38000000001,-5.99,BAIXA,BAIXA,CRUZAMENTO_MEDIAS,NEUTRO,,BAIXA,MANUAL,0.55,306
1791292403,BNBUSD,SHORT,784.59,2.4722430899998926,3.5589002399999,-3.32,BAIXA,BAIXA,CRUZAMENTO_MEDIAS,SOBREVENDIDO,NEUTRO,BAIXA,SL,0.00,785
1791300190,NAS100,LONG,31398.48,251.7932318135281,377.68984772029,-2.59,ALTA,ALTA,,SOBRECOMPRADO,SOBRECOMPRADO,ALTA,SL,0.02,314
1791308100,BTCUSD,LONG,85631.84,256.8955200000055,385.34328,-0.80,LATERAL,ALTA,REVERSAO,NEUTRO,SOBREVENDIDO,ALTA,SL,1.80,856
1791313847,XETUSD,SHORT,2685.34,13.426699999999528,20.14005,-3.28,BAIXA,BAIXA,ROMPIMENTO,SOBREVENDIDO,SOBREVENDIDO,BAIXA,SL,0.27,537
1791316394,BTCUSD,LONG,85563.9,256.69169999999576,385.03754999999,-0.70,LATERAL,LATERAL,REVERSAO,NEUTRO,SOBREVENDIDO,ALTA,SL,1.04,856
1791319123,BNBUSD,LONG,779.94,2.3398200000000315,3.3265164046963,-0.79,LATERAL,BAIXA,REVERSAO,NEUTRO,SOBREVENDIDO,ALTA,SL,0.87,779
1791331093,XETUSD,SHORT,2695.29,8.085869999999886,12.128805,1.19,LATERAL,BAIXA,REVERSAO,NEUTRO,NEUTRO,NEUTRO,SL+TP,2.67,889
1791364737,BNBUSD,SHORT,770.37,3.8518499999998994,4.68693108,3.95,BAIXA,BAIXA,,SOBREVENDIDO,NEUTRO,BAIXA,TP,4.74,770
1791384699,SPX500,SHORT,7771.54,38.85769999999957,58.28655,-3.11,LATERAL,BAIXA,ROMPIMENTO,NEUTRO,SOBREVENDIDO,NEUTRO,SL,0.07,544
1791393918,BTCUSD,SHORT,83426,354.97762999999395,437.9389964726,1.74,LATERAL,BAIXA,,NEUTRO,NEUTRO,BAIXA,SL+TP,3.64,834
1791394314,BNBUSD,SHORT,769.81,3.84904999999992,5.773575,-0.54,BAIXA,BAIXA,,SOBREVENDIDO,SOBRECOMPRADO,BAIXA,SL,0.97,531
1791402138,XETUSD,SHORT,2565.48,8.026796302773619,12.04019445416,-3.91,ALTA,BAIXA,REVERSAO,SOBRECOMPRADO,NEUTRO,ALTA,SL,0.00,847
1791404619,XETUSD,SHORT,2573.59,7.720769999999902,11.5811549999997,-1.02,ALTA,BAIXA,REVERSAO,SOBRECOMPRADO,NEUTRO,ALTA,SL,1.83,901
